{"train": {"loss": [2.1061204105047953, 1.2590660293187415, 1.0128641977622395], "ac": [0.0, 0.0009523809523809524, 0.0019047619047619048], "lac": [0.0, 0.0014285714285714286, 0.008095238095238095]}, "test": {"loss": [1.4731728684239918, 1.1356084579560493, 0.97750425481134], "ac": [0.0011111111111111111, 0.0, 0.0022222222222222222], "lac": [0.0011111111111111111, 0.0033333333333333335, 0.008888888888888889]}}