{"train": {"loss": [0.47247698849041675, 0.19730676091716828, 0.13987079023870225], "ac": [0.057424880243867035, 0.17584555087821163, 0.2625925388300189], "lac": [0.07792132384961532, 0.23216722310930468, 0.33859776455218465]}, "test": {"loss": [0.2534554925196989, 0.18604838327560178, 0.15672998747533648], "ac": [0.11359479780532412, 0.19501456343561607, 0.2498814604077762], "lac": [0.15247578405473142, 0.2602452076136287, 0.3212084264715844]}}