{"train": {"loss": [1.5333404080427828, 0.7383165602527914, 0.5538337342653956], "ac": [0.0009523809523809524, 0.006666666666666667, 0.014285714285714285], "lac": [0.0014285714285714286, 0.012857142857142857, 0.023809523809523808]}, "test": {"loss": [0.927721881767114, 0.6904659901559352, 0.5818858927902248], "ac": [0.0033333333333333335, 0.011111111111111112, 0.02], "lac": [0.006666666666666667, 0.01888888888888889, 0.02666666666666667]}}