{"train": {"loss": [0.8283516003760133, 0.44230389043652, 0.35370920711006476], "ac": [0.7567548722676714, 0.8570545149238374, 0.882792226976916], "lac": [0.7399347015372396, 0.8703371701058691, 0.9022166771593774]}, "test": {"loss": [0.5221743785664474, 0.40975612114547416, 0.3552851650500769], "ac": [0.8338075782078496, 0.8664185010889702, 0.8819704731921139], "lac": [0.8405789658251556, 0.8836870712840028, 0.9029937383774107]}}