{"train": {"loss": [0.47353278258109716, 0.19668432532772226, 0.13963306057560929], "ac": [0.8667846341468775, 0.9422616899514497, 0.9587647392887507], "lac": [0.8122986836623038, 0.9187917203241942, 0.9427830519351122]}, "test": {"loss": [0.2518826166539205, 0.18427491739086177, 0.1562536341935408], "ac": [0.9262861550936379, 0.9459124716183057, 0.9537467705255116], "lac": [0.8937276164953469, 0.9249893180210856, 0.9366460661351061]}}