{"train": {"loss": [0.8283397135629088, 0.4389961996637982, 0.3496085381621487], "ac": [0.007664392509798229, 0.028973726230222093, 0.04372187545362172], "lac": [0.032109159529685, 0.11592393671069821, 0.184584119610974]}, "test": {"loss": [0.5240849209555094, 0.40538969588700224, 0.38286989113723596], "ac": [0.016121384542437174, 0.03224276908487435, 0.03745851114272167], "lac": [0.0745106008263903, 0.14184108920951027, 0.1869538711643975]}}