{"train": {"loss": [0.833635551527971, 0.4465549266917826, 0.3557742808385656], "ac": [0.006764407025693134, 0.026360865147336335, 0.04235738133255915], "lac": [0.02874147191174336, 0.11133691392074321, 0.18217448105675715]}, "test": {"loss": [0.5456035808632144, 0.4257434254877705, 0.3763759609464232], "ac": [0.016324595271963692, 0.028314028314028315, 0.03691661586398429], "lac": [0.0702431755063334, 0.13208697419223736, 0.17455801666327983]}}