{"train": {"loss": [0.4737709094389693, 0.19571910494090716, 0.1371872339175383], "ac": [0.053534620409348234, 0.17697779068079547, 0.26979242270285964], "lac": [0.07385687327623748, 0.23057047466976338, 0.34144287995354916]}, "test": {"loss": [0.2628037538721036, 0.19242015111657063, 0.16808900917332195], "ac": [0.1108853214116372, 0.18526044841834316, 0.22874754453701823], "lac": [0.14698909435751542, 0.2413466097676624, 0.2949942423626634]}}